{
  "swagger": "2.0",
  "host": "192.168.73.3",
  "info": {
    "description": "go kit 开发 string server 服务",
    "title": "string server",
    "version": "1.0.0"
  },
  "consumes": [
    "application/autodocs.v1+json"
  ],
  "produces": [
    "application/autodocs.v1+json"
  ],
  "schemes": [
    "http"
  ],
  "paths": {
    "/op": {
      "post": {
        "summary": "连接字符串",
        "description": "连接字符串",
        "operationId": "/op",
        "consumes": [
          "application/json"
        ],
        "produces": [
          "application/json"
        ],
        "parameters": [
          {
            "name": "type",
            "in": "query",
            "description": "字符串操作类型",
            "required": true,
            "type": "string"
          },
          {
            "name": "device_id",
            "in": "header",
            "description": "设备id",
            "required": true,
            "type": "string"
          },
          {
            "name": "client",
            "in": "body",
            "required": true,
            "description": "后台管理用户： {\"client_id\":\"管理员用户名\",\"client_secret\":\"管理员密码\"}",
            "schema": {
              "$ref": "#/definitions/ParamModel"
            }
          }
        ],
        "responses": {
          "200": {
            "description": "成功",
            "schema": {
              "$ref": "#/definitions/ReturnModel"
            }
          },
          "500": {
            "description": "服务器内部错误",
            "schema": {
              "$ref": "#/definitions/ReturnModel"
            }
          }
        }
      }
    }
  },
  "definitions": {
    "ParamModel": {
      "type": "object",
      "properties": {
        "username": {
          "type": "string"
        },
        "password": {
          "type": "string"
        }
      }
    },
    "ReturnModel": {
      "type": "object",
      "properties": {
        "message": {
          "type": "string"
        },
        "code": {
          "type": "integer"
        }
      }
    }
  }
}
